品名,section,備考,備考_links,出し方
バーベキューコンロ,は,事前申込制,['/contents/924_10259.html'],粗大ごみ
バーベル（バー・おもり）,は,事前申込制,['/contents/924_10259.html'],粗大ごみ
ハーモニカ,は,,,家庭ごみ
バイク,は,・購入店に相談 ・「二輪車リサイクルシステム」（バイクメーカーの取り組み） ・二輪車リサイクルコールセンター：050-3000-0727に相談（注）自転車やバイク部品のみは対象外,,市が収集しないもの
灰皿,は,金属製のものは小物金属 回収ボックス へ,['/contents/00800208.html'],家庭ごみ
パイプいす,は,事前申込制,['/contents/924_10259.html'],粗大ごみ
パイプハンガー,は,事前申込制,['/contents/924_10259.html'],粗大ごみ
廃油,は,（注）専門の処理業者に相談 廃油処理パック等で固形にしたものは家庭ごみ,,市が収集しないもの
はがき,は,古紙 回収ボックス へ,['/contents/00800208.html'],古紙
はかり（台所ばかり）,は,,,家庭ごみ
はきもの類,は,,,家庭ごみ
バケツ,は,金属製のものは小物金属 回収ボックス へ 指定袋に入らない大きさのものは粗大ごみ プラスチックだけでできており、1辺の長さが50センチ未満のもので指定袋に入る大きさのものは、プラスチック,['/contents/00800208.html'],家庭ごみ
はさみ,は,小物金属 回収ボックス へ,['/contents/00800208.html'],小物金属
箸（はし）,は,金属製のものは小物金属 回収ボックス へ プラスチックだけでできており、1辺の長さが50センチ未満のもので指定袋に入る大きさのものは、プラスチック,['/contents/00800208.html'],家庭ごみ
はしご,は,事前申込制,['/contents/924_10259.html'],粗大ごみ
バスマット,は,,,家庭ごみ
パソコンキーボード,は,「 パソコン 」参照 小型電子機器 回収ボックス へ,"['/contents/924_10216.html', '/contents/00800208.html']",小型電子機器
パソコン用ディスプレイ,は,「 パソコン 」参照 事前申込制,"['/contents/924_10216.html', '/contents/924_10259.html']",粗大ごみ
パソコン本体（デスクトップ型・ノート型）,は,「 パソコン 」参照 小型のものは小型電子機器 回収ボックス へ,"['/contents/924_10216.html', '/contents/00800208.html']",粗大ごみ
パソコンラック,は,事前申込制,['/contents/924_10259.html'],粗大ごみ
発炎筒,は,（注）販売店に相談,,市が収集しないもの
バッテリー,は,（注）販売店に相談,,市が収集しないもの
バット（野球用）,は,事前申込制,['/contents/924_10259.html'],粗大ごみ
バット（料理用）,は,小物金属 回収ボックス へ 金属製以外のものは家庭ごみ,['/contents/00800208.html'],小物金属
発泡スチロール製の容器包装（箱・緩衝材など）,は,,,プラスチック
花火,は,水にひたしてから,,家庭ごみ
パネルヒーター,は,事前申込制,['/contents/924_10259.html'],粗大ごみ
歯ブラシ,は,電動歯ブラシは、小型電子機器 回収ボックス へ プラスチックだけでできており、1辺の長さが50センチ未満のもので指定袋に入る大きさのものは、プラスチック,['/contents/00800208.html'],家庭ごみ
歯みがき粉チューブ,は,中身を使い切って,,プラスチック
刃物類,は,新聞紙などに包んで,,家庭ごみ
バラン（仕切り用）,は,,,プラスチック
針（裁縫用など）,は,新聞紙などに包んで,,家庭ごみ
針金,は,小物金属 回収ボックス へ 長い場合は巻いた状態で,['/contents/00800208.html'],小物金属
バリカン,は,金属製のものは小物金属 回収ボックス へ 電気バリカンは小型電子機器 回収ボックス へ,"['/contents/00800208.html', '/contents/00800208.html']",家庭ごみ
ハンガー,は,金属製のものは小物金属 回収ボックス へ プラスチックだけでできており、1辺の長さが50センチ未満のもので指定袋に入る大きさのものは、プラスチック,['/contents/00800208.html'],家庭ごみ
飯ごう,は,小物金属 回収ボックス へ,['/contents/00800208.html'],小物金属
はんだごて,は,小型電子機器 回収ボックス へ,['/contents/00800208.html'],小型電子機器
パンチ（穴あけ）,は,小物金属 回収ボックス へ,['/contents/00800208.html'],小物金属
ハンディミシン,は,小型電子機器 回収ボックス へ,['/contents/00800208.html'],小型電子機器
ハンドクリーナー,は,,,家庭ごみ
ハンドバッグ,は,,,家庭ごみ
パンフレット,は,古紙 回収ボックス へ,['/contents/00800208.html'],古紙
ハンマー（金属製）,は,小物金属 回収ボックス へ,['/contents/00800208.html'],小物金属
ピアノ,ひ,（注）専門の処理業者に依頼,,市が収集しないもの
ビーチパラソル,ひ,事前申込制,['/contents/924_10259.html'],粗大ごみ
PPバンド,ひ,50センチ未満に切って,,プラスチック
ビールケース,ひ,事前申込制 できるだけ販売店へ,['/contents/924_10259.html'],粗大ごみ
ビールびん,ひ,できるだけ販売店へ,,かん・びん
ビールびんのふた,ひ,小物金属 回収ボックス へ,['/contents/00800208.html'],小物金属
ひげそり,ひ,金属製のものは小物金属 回収ボックス へ 電気ひげそりはできるだけ小型電子機器 回収ボックス へ,"['/contents/00800208.html', '/contents/00800208.html']",家庭ごみ
ビデオカメラ,ひ,小型電子機器 回収ボックス へ,['/contents/00800208.html'],小型電子機器
ビデオテープ類（ケースを含む）,ひ,,,家庭ごみ
ビデオデッキ,ひ,事前申込制,['/contents/924_10259.html'],粗大ごみ
ひな人形セット,ひ,指定袋に入らない大きさのものは粗大ごみ,,家庭ごみ
ビニールシート,ひ,プラスチックだけでできており、1辺の長さが50センチ未満のもので指定袋に入る大きさのものは、プラスチック,,家庭ごみ
ビニール手袋,ひ,,,プラスチック
ビニール袋,ひ,,,プラスチック
火バサミ,ひ,小物金属 回収ボックス へ,['/contents/00800208.html'],小物金属
火鉢,ひ,事前申込制,['/contents/924_10259.html'],粗大ごみ
肥料,ひ,,,家庭ごみ
びん（飲料・食品のびん）,ひ,,,かん・びん
びん（のみ薬のびん）,ひ,,,かん・びん
びん（調味料びん）,ひ,,,かん・びん
びん（ソース、ドレッシングびん）,ひ,油をよく落として,,かん・びん
びん（油びん）,ひ,油をよく落として,,かん・びん
びん（化粧品のびん）,ひ,,,かん・びん
びん（飲食物以外のびん）,ひ,,,家庭ごみ
ファイル（紙製）,ふ,古紙 回収ボックス へ 金具等は外して,['/contents/00800208.html'],古紙
ファイル（プラスチック製）,ふ,,,プラスチック
ファクシミリ（FAX）,ふ,事前申込制 小型（概ね25センチ×8.5センチ以内）のものは小型電子機器 回収ボックス へ,"['/contents/924_10259.html', '/contents/00800208.html']",粗大ごみ
ファクシミリ用紙（感熱紙）,ふ,,,家庭ごみ
ファンシーケース（衣装ケース）,ふ,事前申込制 プラスチックだけでできており、1辺の長さが50センチ未満のもので指定袋に入る大きさのものは、プラスチック,['/contents/924_10259.html'],粗大ごみ
ファンヒーター,ふ,事前申込制 灯油は抜いて,['/contents/924_10259.html'],粗大ごみ
フィルム（ネガ）,ふ,プラスチックだけでできており、1辺の長さが50センチ未満のもので指定袋に入る大きさのものは、プラスチック,,家庭ごみ
フィルムケース,ふ,,,プラスチック
封筒,ふ,古紙 回収ボックス へ ビニール製のものは家庭ごみ,['/contents/00800208.html'],古紙
フードプロセッサー,ふ,,,家庭ごみ
ふえ（ホイッスル）,ふ,小物金属 回収ボックス へ 金属製以外のものは家庭ごみ プラスチックだけでできており、1辺の長さが50センチ未満のもので指定袋に入る大きさのものは、プラスチック,['/contents/00800208.html'],小物金属
フェンス,ふ,事前申込制,['/contents/924_10259.html'],粗大ごみ
フォーク,ふ,小物金属 回収ボックス へ 金属製以外のものは家庭ごみ プラスチックだけでできており、1辺の長さが50センチ未満のもので指定袋に入る大きさのものは、プラスチック,['/contents/00800208.html'],小物金属
ふすま,ふ,事前申込制,['/contents/924_10259.html'],粗大ごみ
ふせん,ふ,古紙 回収ボックス へ のり部分は取り除いて,['/contents/00800208.html'],古紙
ふた・キャップ（金属製）,ふ,小物金属 回収ボックス へ,['/contents/00800208.html'],小物金属
ふた・キャップ（プラ製）,ふ,,,プラスチック
ブックエンド,ふ,小物金属 回収ボックス へ 金属製以外のものは家庭ごみ プラスチックだけでできており、1辺の長さが50センチ未満のもので指定袋に入る大きさのものは、プラスチック,['/contents/00800208.html'],小物金属
ブックカバー,ふ,古紙 回収ボックス へ 紙製以外のものは家庭ごみ,['/contents/00800208.html'],古紙
仏壇,ふ,事前申込制,['/contents/924_10259.html'],粗大ごみ
筆箱,ふ,金属製のものは小物金属 回収ボックス へ プラスチックだけでできており、1辺の長さが50センチ未満のもので指定袋に入る大きさのものは、プラスチック,['/contents/00800208.html'],家庭ごみ
布団,ふ,事前申込制,['/contents/924_10259.html'],粗大ごみ
布団乾燥機,ふ,事前申込制,['/contents/924_10259.html'],粗大ごみ
布団たたき,ふ,プラスチックだけでできており、1辺の長さが50センチ未満のもので指定袋に入る大きさのものは、プラスチック,,家庭ごみ
布団干し,ふ,事前申込制,['/contents/924_10259.html'],粗大ごみ
フライ返し,ふ,小物金属 回収ボックス へ 金属製以外のものは家庭ごみ プラスチックだけでできており、1辺の長さが50センチ未満のもので指定袋に入る大きさのものは、プラスチック,['/contents/00800208.html'],小物金属
フライパン,ふ,小物金属 回収ボックス へ 30センチを超えるものは家庭ごみ,['/contents/00800208.html'],小物金属
ブラインド,ふ,事前申込制,['/contents/924_10259.html'],粗大ごみ
ぶら下がり健康器,ふ,事前申込制,['/contents/924_10259.html'],粗大ごみ
ブラシ,ふ,プラスチックだけでできており、1辺の長さが50センチ未満のもので指定袋に入る大きさのものは、プラスチック,,家庭ごみ
プラスチック製収納箱,ふ,指定袋に入らない大きさのものは粗大ごみ プラスチックだけでできており、1辺の長さが50センチ未満のもので指定袋に入る大きさのものは、プラスチック,,家庭ごみ
プラモデル,ふ,プラスチックだけでできており、1辺の長さが50センチ未満のもので指定袋に入る大きさのものは、プラスチック,,家庭ごみ
ブランコ,ふ,事前申込制,['/contents/924_10259.html'],粗大ごみ
プランター,ふ,指定袋に入らない大きさのものは粗大ごみ プラスチックだけでできており、1辺の長さが50センチ未満のもので指定袋に入る大きさのものは、プラスチック,,家庭ごみ
ブリキ製品,ふ,小物金属 回収ボックス へ 30センチを超えるものは粗大ごみ,['/contents/00800208.html'],小物金属
プリンター,ふ,事前申込制 小型（概ね25センチ×8.5センチ以内）のものは小型電子機器 回収ボックス へ,"['/contents/924_10259.html', '/contents/00800208.html']",粗大ごみ
プリンターのインクカートリッジ,ふ,できるだけ販売店へ（市役所・区役所にも回収箱があります）,,家庭ごみ
ブルーシート,ふ,プラスチックだけでできており、1辺の長さが50センチ未満のもので指定袋に入る大きさのものは、プラスチック,,家庭ごみ
古着,ふ,古着 回収ボックス へ,['/contents/00800208.html'],古着
プレーヤー,ふ,事前申込制 小型（概ね25センチ×8.5センチ以内）のものは小型電子機器 回収ボックス へ,"['/contents/924_10259.html', '/contents/00800208.html']",粗大ごみ
風呂おけ（浴槽）,ふ,事前申込制,['/contents/924_10259.html'],粗大ごみ
風呂釜,ふ,事前申込制,['/contents/924_10259.html'],粗大ごみ
風呂ふた,ふ,事前申込制,['/contents/924_10259.html'],粗大ごみ
ブロック,ふ,事前申込制,['/contents/924_10259.html'],粗大ごみ
フロッピーディスク,ふ,,,家庭ごみ
プロパンガスボンベ,ふ,（注）販売店に相談,,市が収集しないもの
文鎮（ぶんちん）,ふ,小物金属 回収ボックス へ,['/contents/00800208.html'],小物金属
噴霧器,ふ,事前申込制,['/contents/924_10259.html'],粗大ごみ
ヘアピン,へ,小物金属 回収ボックス へ 透明のビニール袋に入れて,['/contents/00800208.html'],小物金属
ベッド,へ,事前申込制,['/contents/924_10259.html'],粗大ごみ
ベッドマット（スプリングマット含む）,へ,事前申込制,['/contents/924_10259.html'],粗大ごみ
ペットの運搬ケース（ケージ）,へ,指定袋に入らない大きさのものは粗大ごみ,,家庭ごみ
ペットの小屋,へ,事前申込制,['/contents/924_10259.html'],粗大ごみ
ペットの亡き骸,へ,動物愛護センターでも受付（電話093-581-1800）,,家庭ごみ
ペットのふん,へ,,,家庭ごみ
ペットフードかん,へ,油と汚れをよく落として,,かん・びん
ペット用の檻（おり）,へ,事前申込制,['/contents/924_10259.html'],粗大ごみ
ペット用トイレ,へ,,,家庭ごみ
ペットボトル,へ,,,ペットボトル
ペットボトルのふた,へ,,,プラスチック
ヘッドホン,へ,小型（概ね25センチ×8.5センチ以内）のものは小型電子機器 回収ボックス へ,['/contents/00800208.html'],家庭ごみ
ベニヤ板,へ,指定袋に入らない大きさのものは粗大ごみ,,家庭ごみ
ベビーカー（乳母車）,へ,事前申込制,['/contents/924_10259.html'],粗大ごみ
ベビーダンス,へ,事前申込制,['/contents/924_10259.html'],粗大ごみ
ベビーチェアー,へ,指定袋に入らない大きさのものは粗大ごみ プラスチックだけでできており、1辺の長さが50センチ未満のもので指定袋に入る大きさのものは、プラスチック,,家庭ごみ
ベビーバス,へ,事前申込制 プラスチックだけでできており、1辺の長さが50センチ未満のもので指定袋に入る大きさのものは、プラスチック,['/contents/924_10259.html'],粗大ごみ
ベビー布団,へ,事前申込制,['/contents/924_10259.html'],粗大ごみ
ベビーベッド,へ,事前申込制,['/contents/924_10259.html'],粗大ごみ
ヘルメット,へ,プラスチックだけでできており、1辺の長さが50センチ未満のもので指定袋に入る大きさのものは、プラスチック,,家庭ごみ
便器（温水洗浄機能付便座含む）,へ,事前申込制,['/contents/924_10259.html'],粗大ごみ
ペンキ,へ,（注）専門の処理業者に依頼,,市が収集しないもの
ペンキ（スプレー缶）,へ,必ず中身を使い切ってから穴をあけずに,,家庭ごみ
ペンキ缶（中身のないもの）,へ,,,家庭ごみ
ペンチ,へ,小物金属 回収ボックス へ,['/contents/00800208.html'],小物金属
弁当箱,へ,金属製のものは小物金属 回収ボックス へ プラスチックだけでできており、1辺の長さが50センチ未満のもので指定袋に入る大きさのものは、プラスチック,['/contents/00800208.html'],家庭ごみ
弁当の容器（プラ製・コンビニなどの弁当容器）,へ,,,プラスチック
ボアシーツ,ほ,,,家庭ごみ
ホイールキャップ,ほ,,,家庭ごみ
望遠鏡,ほ,事前申込制,['/contents/924_10259.html'],粗大ごみ
ほうき,ほ,指定袋に入らない大きさのものは粗大ごみ,,家庭ごみ
包装紙,ほ,古紙 回収ボックス へ セロハンテープなど紙以外のものは除いてから,['/contents/00800208.html'],古紙
包装用フィルム,ほ,,,プラスチック
防虫剤,ほ,,,家庭ごみ
防虫剤容器,ほ,プラスチックだけでできており、1辺の長さが50センチ未満のもので指定袋に入る大きさのものは、プラスチック,,家庭ごみ
包丁,ほ,新聞紙などに包んで,,家庭ごみ
防腐剤,ほ,,,家庭ごみ
ボウル（台所用品、金属製）,ほ,小物金属 回収ボックス へ 金属製以外のものは家庭ごみ プラスチックだけでできており、1辺の長さが50センチ未満のもので指定袋に入る大きさのものは、プラスチック,['/contents/00800208.html'],小物金属
ホース,ほ,,,家庭ごみ
ホースリール,ほ,指定袋に入らない大きさのものは粗大ごみ,,家庭ごみ
ポータブルプレーヤー（テレビ、ラジオ、CD、MP3など）,ほ,小型電子機器 回収ボックス へ,['/contents/00800208.html'],小型電子機器
ボート（ゴムボートを除く）,ほ,（注）日本マリン事業協会：03-5542-1202に相談,,市が収集しないもの
ホームベーカリー,ほ,事前申込制,['/contents/924_10259.html'],粗大ごみ
ホームラック,ほ,事前申込制,['/contents/924_10259.html'],粗大ごみ
ボウリングの球,ほ,事前申込制,['/contents/924_10259.html'],粗大ごみ
ボールペン,ほ,プラスチックだけでできており、1辺の長さが50センチ未満のもので指定袋に入る大きさのものは、プラスチック,,家庭ごみ
ホーロー鍋,ほ,小物金属 回収ボックス へ,['/contents/00800208.html'],小物金属
歩行器,ほ,事前申込制,['/contents/924_10259.html'],粗大ごみ
保温剤・保冷剤,ほ,,,家庭ごみ
ポスター,ほ,古紙 回収ボックス へ,['/contents/00800208.html'],古紙
ボタン,ほ,プラスチックだけでできており、1辺の長さが50センチ未満のもので指定袋に入る大きさのものは、プラスチック,,家庭ごみ
ボタン電池,ほ,電池類 回収ボックス へ できるだけ電器店などの回収ボックスへ,['https://www.city.kitakyushu.lg.jp/kankyou/01100026.html'],電池類
ホッチキス（針も含む）,ほ,小物金属 回収ボックス へ 針のみの場合は透明のビニール袋に入れて,['/contents/00800208.html'],小物金属
ポット（電気ポット含む）,ほ,,,家庭ごみ
ホットカーペット,ほ,事前申込制,['/contents/924_10259.html'],粗大ごみ
ホットプレート,ほ,事前申込制 30センチ以下で金属製のものは小物金属 回収ボックス へ,"['/contents/924_10259.html', '/contents/00800208.html']",粗大ごみ
ほ乳びん,ほ,プラスチックだけでできており、1辺の長さが50センチ未満のもので指定袋に入る大きさのものは、プラスチック,,家庭ごみ
ポリタンク,ほ,指定袋に入らない大きさのものは粗大ごみ プラスチックだけでできており、1辺の長さが50センチ未満のもので指定袋に入る大きさのものは、プラスチック,,家庭ごみ
ポリ袋（プラマーク付き）,ほ,,,プラスチック
ポリ容器,ほ,指定袋に入らない大きさのものは粗大ごみ プラスチックだけでできており、1辺の長さが50センチ未満のもので指定袋に入る大きさのものは、プラスチック,,家庭ごみ
本,ほ,古紙 回収ボックス へ,['/contents/00800208.html'],古紙
本立て,ほ,小物金属 回収ボックス へ 金属製以外のものは家庭ごみ,['/contents/00800208.html'],小物金属
本棚,ほ,事前申込制,['/contents/924_10259.html'],粗大ごみ
ポンプ（ポリタンク用）,ほ,,,プラスチック
ポンプ（井戸用）,ほ,事前申込制,['/contents/924_10259.html'],粗大ごみ
ボンボンベッド（サマーベッド）,ほ,事前申込制,['/contents/924_10259.html'],粗大ごみ
アイスピック,あ,新聞紙などに包んで,,家庭ごみ
アイロン,あ,金属製のものは小物金属 回収ボックス へ 電子式で小型（概ね25センチ×8.5センチ以内）のものは小型電子機器 回収ボックス へ,"['https://www.city.kitakyushu.lg.jp/kankyou/00800208.html', 'https://www.city.kitakyushu.lg.jp/kankyou/00800208.html']",家庭ごみ
アイロン台,あ,事前申し込み制,['https://www.city.kitakyushu.lg.jp/kankyou/file_0049.html'],粗大ごみ
アコーディオン,あ,事前申し込み制,['https://www.city.kitakyushu.lg.jp/kankyou/file_0049.html'],粗大ごみ
アコーディオンカーテン,あ,事前申し込み制,['https://www.city.kitakyushu.lg.jp/kankyou/file_0049.html'],粗大ごみ
アダプター（電源用）,あ,小型電子機器 回収ボックス へ,['https://www.city.kitakyushu.lg.jp/kankyou/00800208.html'],小型電子機器
圧力鍋,あ,小物金属 回収ボックス へ,['https://www.city.kitakyushu.lg.jp/kankyou/00800208.html'],小物金属
油（食用油）,あ,布や紙にしみこませるか固形化して できるだけペットボトルに入れてスーパーなどの食用油 回収ボックス へ,['https://www.city.kitakyushu.lg.jp/kankyou/00800208.html'],家庭ごみ
油（機械用）,あ,（注）専門の処理業者に依頼,,市が収集しないもの
油こし器（金属製）,あ,,,家庭ごみ
油差し,あ,プラスチックだけでできており、1辺の長さが50センチ未満のもので指定袋に入る大きさのものは、プラスチック,,家庭ごみ
油びん,あ,油をよく落として,,かん・びん
油よけ（アルミ製）,あ,,,家庭ごみ
雨具（カッパ）,あ,プラスチックだけでできており、1辺の長さが50センチ未満のもので指定袋に入る大きさのものは、プラスチック,,家庭ごみ
雨戸,あ,事前申し込み制,['https://www.city.kitakyushu.lg.jp/kankyou/file_0049.html'],粗大ごみ
編み機,あ,事前申し込み制,['https://www.city.kitakyushu.lg.jp/kankyou/file_0049.html'],粗大ごみ
網（バーベキュー用）,あ,小物金属 回収ボックス へ,['https://www.city.kitakyushu.lg.jp/kankyou/00800208.html'],小物金属
網（昆虫採集用など）,あ,,,家庭ごみ
網戸,あ,事前申し込み制,['https://www.city.kitakyushu.lg.jp/kankyou/file_0049.html'],粗大ごみ
編み針,あ,金属製のものは小物金属 回収ボックス へ プラスチックだけでできており、1辺の長さが50センチ未満のもので指定袋に入る大きさのものは、プラスチック,['https://www.city.kitakyushu.lg.jp/kankyou/00800208.html'],家庭ごみ
アルバム,あ,,,家庭ごみ
アルミかん（飲食物用）,あ,,,かん・びん
アルミはく（台所用）,あ,,,家庭ごみ
アルミトレイ,あ,よく洗って　小物金属 回収ボックス へ,['https://www.city.kitakyushu.lg.jp/kankyou/00800208.html'],小物金属
泡だて器,あ,小物金属 回収ボックス へ,['https://www.city.kitakyushu.lg.jp/kankyou/00800208.html'],小物金属
あんか,あ,,,家庭ごみ
安全ピン,あ,透明のビニール袋に入れて　小物金属 回収ボックス へ,['https://www.city.kitakyushu.lg.jp/kankyou/00800208.html'],小物金属
アンテナ（テレビ用）,あ,事前申し込み制,['https://www.city.kitakyushu.lg.jp/kankyou/file_0049.html'],粗大ごみ
アンテナ（テレビ用以外のもの）,あ,指定袋に入らない大きさのものは粗大ごみ,,家庭ごみ
アンプ,あ,事前申し込み制,['https://www.city.kitakyushu.lg.jp/kankyou/file_0049.html'],粗大ごみ
衣装ケース,い,事前申し込み制 プラスチックだけでできており、1辺の長さが50センチ未満のもので指定袋に入る大きさのものは、プラスチック,['https://www.city.kitakyushu.lg.jp/kankyou/file_0049.html'],粗大ごみ
いす,い,事前申し込み制,['https://www.city.kitakyushu.lg.jp/kankyou/file_0049.html'],粗大ごみ
板ガラス,い,新聞紙などに包んで 指定袋に入らない大きさのものは粗大ごみ,,家庭ごみ
板（金属製）,い,小物金属 回収ボックス へ 30センチを超えるものは粗大ごみ,['https://www.city.kitakyushu.lg.jp/kankyou/00800208.html'],小物金属
板（金属製以外）,い,指定袋に入らない大きさのものは粗大ごみ,,家庭ごみ
一輪車,い,事前申し込み制,['https://www.city.kitakyushu.lg.jp/kankyou/file_0049.html'],粗大ごみ
一升びん,い,できるだけ販売店へ,,かん・びん
一斗缶,い,中身を使い切って,,家庭ごみ
井戸ポンプ（家庭用）,い,事前申し込み制,['https://www.city.kitakyushu.lg.jp/kankyou/file_0049.html'],粗大ごみ
犬小屋,い,事前申し込み制,['https://www.city.kitakyushu.lg.jp/kankyou/file_0049.html'],粗大ごみ
イヤホン,い,小型電子機器 回収ボックス へ,['https://www.city.kitakyushu.lg.jp/kankyou/00800208.html'],小型電子機器
衣類,い,古着 回収ボックス へ,['https://www.city.kitakyushu.lg.jp/kankyou/00800208.html'],古着
衣類乾燥機（ドラム式）,い,（注）販売店などに引き取りを依頼,,市が収集しないもの
入れ歯,い,,,家庭ごみ
インクカートリッジ,い,できるだけ販売店へ（市役所・区役所にも回収箱があります）,,家庭ごみ
インスタントめんの袋,い,,,プラスチック
ウインドウファン（送風機）,う,事前申し込み制,['https://www.city.kitakyushu.lg.jp/kankyou/file_0049.html'],粗大ごみ
植木棚,う,事前申し込み制,['https://www.city.kitakyushu.lg.jp/kankyou/file_0049.html'],粗大ごみ
植木の枝,う,（参考）「 緑のリサイクル 」,['https://www.city.kitakyushu.lg.jp/kankyou/file_0043.html'],家庭ごみ
植木ばさみ,う,小物金属 回収ボックス,['https://www.city.kitakyushu.lg.jp/kankyou/00800208.html'],小物金属
植木鉢,う,プラスチックだけでできており、1辺の長さが50センチ未満のもので指定袋に入る大きさのものは、プラスチック,,家庭ごみ
ウォーターサーバー用ボトル（販売店等の引取がない場合）,う,プラマークがついてるものはプラスチック PETマークがついてるものはペットボトル,,右記の通り
うちわ,う,,,家庭ごみ
腕時計,う,小型電子機器 回収ボックス へ,['https://www.city.kitakyushu.lg.jp/kankyou/00800208.html'],小型電子機器
乳母車（ベビーカー）,う,事前申し込み制,['https://www.city.kitakyushu.lg.jp/kankyou/file_0049.html'],粗大ごみ
梅酒のびん,う,,,かん・びん
エアークッション（梱包材）,え,,,プラスチック
エアコン,え,（注）販売店などに引き取りを依頼,,市が収集しないもの
映写機,え,事前申し込み制,['https://www.city.kitakyushu.lg.jp/kankyou/file_0049.html'],粗大ごみ
絵の具のチューブ（金属製）,え,中身を使い切って　小物金属 回収ボックス へ,['https://www.city.kitakyushu.lg.jp/kankyou/00800208.html'],小物金属
絵の具のチューブ（プラ製）,え,中身を使い切って,,プラスチック
MD,え,,,家庭ごみ
MDレコーダー,え,事前申し込み制 小型（概ね25センチ×8.5センチ以内）のものは、小型電子機器 回収ボックス へ,"['https://www.city.kitakyushu.lg.jp/kankyou/file_0049.html', 'https://www.city.kitakyushu.lg.jp/kankyou/00800208.html']",粗大ごみ
LED蛍光灯,え,,,家庭ごみ
LD,え,,,家庭ごみ
LDプレーヤー,え,事前申し込み制,['https://www.city.kitakyushu.lg.jp/kankyou/file_0049.html'],粗大ごみ
LPガスボンベ,え,（注）販売店に相談　（参考）「 市が収集しないもの 」,['https://www.city.kitakyushu.lg.jp/kankyou/file_0015.html'],市が収集しないもの
LPレコード,え,,,家庭ごみ
エレキギター,え,事前申し込み制,['https://www.city.kitakyushu.lg.jp/kankyou/file_0049.html'],粗大ごみ
鉛筆削り,え,,,家庭ごみ
オイル類（食用のものを除く）,お,（注）専門の処理業者に依頼,,市が収集しないもの
オイル缶（中身のないもの）,お,指定袋に入らない大きさのものは粗大ごみ,,家庭ごみ
オイルヒーター,お,（注）専門の処理業者に依頼,,市が収集しないもの
応接セット,お,事前申し込み制,['https://www.city.kitakyushu.lg.jp/kankyou/file_0049.html'],粗大ごみ
オーディオラック,お,事前申し込み制,['https://www.city.kitakyushu.lg.jp/kankyou/file_0049.html'],粗大ごみ
オートバイ,お,・購入店に相談 ・「二輪車リサイクルシステム」（バイクメーカーの取り組み） ・二輪車リサイクルコールセンター：050-3000-0727に相談（注）自転車やバイク部品のみは対象外,,市が収集しないもの
オーブン,お,事前申し込み制,['https://www.city.kitakyushu.lg.jp/kankyou/file_0049.html'],粗大ごみ
オーブンレンジ,お,事前申し込み制,['https://www.city.kitakyushu.lg.jp/kankyou/file_0049.html'],粗大ごみ
オーブントースター,お,事前申し込み制,['https://www.city.kitakyushu.lg.jp/kankyou/file_0049.html'],粗大ごみ
桶（おけ）,お,プラスチックだけでできており、1辺の長さが50センチ未満のもので指定袋に入る大きさのものは、プラスチック,,家庭ごみ
おたま,お,小物金属 回収ボックス へ、金属製以外のものは、家庭ごみ プラスチックだけでできており、1辺の長さが50センチ未満のもので指定袋に入る大きさのものは、プラスチック,['https://www.city.kitakyushu.lg.jp/kankyou/00800208.html'],小物金属
おはじき,お,プラスチックだけでできており、1辺の長さが50センチ未満のもので指定袋に入る大きさのものは、プラスチック,,家庭ごみ
おひつ,お,プラスチックだけでできており、1辺の長さが50センチ未満のもので指定袋に入る大きさのものは、プラスチック,,家庭ごみ
汚物入れ,お,プラスチックだけでできており、1辺の長さが50センチ未満のもので指定袋に入る大きさのものは、プラスチック,,家庭ごみ
おぼん,お,金属製のものは、小物金属 プラスチックだけでできており、1辺の長さが50センチ未満のもので指定袋に入る大きさのものは、プラスチック,,家庭ごみ
おまる,お,指定袋に入らない大きさのものは、粗大ごみ プラスチックだけでできており、1辺の長さが50センチ未満のもので指定袋に入る大きさのものは、プラスチック,,家庭ごみ
おむつ,お,汚物を取り除いて,,家庭ごみ
おもちゃ類,お,指定袋に入らない大きさのものは、粗大ごみ プラスチックだけでできており、1辺の長さが50センチ未満のもので指定袋に入る大きさのものは、プラスチック,,家庭ごみ
折込みチラシ（新聞）,お,,,古紙
オルガン,お,事前申し込み制,['https://www.city.kitakyushu.lg.jp/kankyou/file_0049.html'],粗大ごみ
オルゴール,お,,,家庭ごみ
おろしがね（おろし器）,お,小物金属 回収ボックス へ、金属製以外のものは、家庭ごみ,['https://www.city.kitakyushu.lg.jp/kankyou/00800208.html'],小物金属
おわん,お,プラスチックだけでできており、1辺の長さが50センチ未満のもので指定袋に入る大きさのものは、プラスチック,,家庭ごみ
温水洗浄機能付便座,お,事前申し込み制,['https://www.city.kitakyushu.lg.jp/kankyou/file_0049.html'],粗大ごみ
温度計（水銀温度計を除く）,お,小型（概ね25センチ×8.5センチ以内）のものは小型電子機器回収ボックスへ 水銀温度計は区役所・出張所の水銀体温計などの回収ボックスへ,,家庭ごみ
温風ヒーター,お,事前申し込み制,['https://www.city.kitakyushu.lg.jp/kankyou/file_0049.html'],粗大ごみ
体温計（水銀体温計を除く）,た,電子式で小型（概ね25センチ×8.5センチ以内）のものは小型電子機器 回収ボックス へ 水銀体温計は区役所・出張所の水銀体温計 回収ボックス へ,"['/contents/00800208.html', '/contents/00800208.html']",家庭ごみ
耐火金庫,た,（注）専門の処理業者に依頼,,市が収集しないもの
台車,た,事前申込制,['/contents/924_10259.html'],粗大ごみ
体脂肪計,た,,,家庭ごみ
体重計（ヘルスメーター）,た,,,家庭ごみ
タイプライター,た,事前申込制,['/contents/924_10259.html'],粗大ごみ
タイヤ,た,（注）販売店に相談,,市が収集しないもの
タイヤチェーン,た,事前申込制,['/contents/924_10259.html'],粗大ごみ
タイヤホイール,た,事前申込制,['/contents/924_10259.html'],粗大ごみ
タイル（ガーデニング用、屋外用）,た,事前申込制,['/contents/924_10259.html'],粗大ごみ
高枝切ばさみ,た,事前申込制,['/contents/924_10259.html'],粗大ごみ
卓上コンロ,た,小物金属 回収ボックス へ カセットボンベは中身を使い切ってから穴をあけずに家庭ごみ（中身の残っているものは 「市が収集しないもの」 参照）,"['/contents/00800208.html', '/contents/924_10085.html']",小物金属
卓上IHコンロ,た,小型電子機器 回収ボックス へ,['/contents/00800208.html'],小型電子機器
畳,た,事前申込制,['/contents/924_10259.html'],粗大ごみ
卓球台,た,事前申込制,['/contents/924_10259.html'],粗大ごみ
脱臭剤（冷蔵庫用など）,た,,,家庭ごみ
タッパー類,た,プラスチックだけでできており、1辺の長さが50センチ未満のもので指定袋に入る大きさのものは、プラスチック,,家庭ごみ
たばこの外装フィルム,た,,,プラスチック
タブレット端末,た,小型電子機器 回収ボックス へ,['/contents/00800208.html'],小型電子機器
卵パック（プラ製）,た,紙製のものは家庭ごみ,,プラスチック
タマネギなどの網・ネット,た,,,プラスチック
たらい,た,事前申込制,['/contents/924_10259.html'],粗大ごみ
たわし,た,金属製のものは小物金属 回収ボックス へ,['/contents/00800208.html'],家庭ごみ
単行本,た,古紙 回収ボックス へ,['/contents/00800208.html'],古紙
たんす,た,事前申込制,['/contents/924_10259.html'],粗大ごみ
ダンベル（鉄アレイ）,た,小物金属 回収ボックス へ 金属製以外のものは家庭ごみ,['/contents/00800208.html'],小物金属
段ボール,た,古紙 回収ボックス へ ガムテープや伝票は外して,['/contents/00800208.html'],古紙
チェーン,ち,金属製のものは小物金属 回収ボックス へ,['/contents/00800208.html'],家庭ごみ
チェーンソー,ち,事前申込制,['/contents/924_10259.html'],粗大ごみ
地球儀,ち,指定袋に入らない大きさのものは粗大ごみ,,家庭ごみ
チャイルドシート,ち,事前申込制,['/contents/924_10259.html'],粗大ごみ
茶こし,ち,小物金属 回収ボックス へ,['/contents/00800208.html'],小物金属
茶だんす,ち,事前申込制,['/contents/924_10259.html'],粗大ごみ
茶筒,ち,金属製のものは小物金属 回収ボックス へ プラスチックだけでできており、1辺の長さが50センチ未満のもので指定袋に入る大きさのものは、プラスチック,['/contents/00800208.html'],家庭ごみ
着火剤,ち,,,家庭ごみ
茶碗,ち,新聞紙などに包んで　割れたものも家庭ごみ プラスチックだけでできており、1辺の長さが50センチ未満のもので指定袋に入る大きさのものは、プラスチック,,家庭ごみ
中華鍋,ち,小物金属 回収ボックス へ 30センチを超えるものは家庭ごみ,['/contents/00800208.html'],小物金属
注射針,ち,（注）かかりつけの病院に引き取りを依頼,,市が収集しないもの
注射筒,ち,新聞紙などに包んで 針が外せない物はかかりつけの病院に引き取りを依頼,,家庭ごみ
チューナー（BS・CS）,ち,事前申込制 小型（概ね25センチ×8.5センチ以内）のものは小型電子機器 回収ボックス へ,"['/contents/924_10259.html', '/contents/00800208.html']",粗大ごみ
彫刻刀,ち,新聞紙などに包んで,,家庭ごみ
ちょうつがい,ち,小物金属 回収ボックス へ,['/contents/00800208.html'],小物金属
調理台,ち,事前申込制,['/contents/924_10259.html'],粗大ごみ
チラシ（新聞折込み）,ち,古紙 回収ボックス へ,['/contents/00800208.html'],古紙
ちり紙,ち,,,家庭ごみ
ちりとり,ち,金属製のものは小物金属 回収ボックス へ プラスチックだけでできており、1辺の長さが50センチ未満のもので指定袋に入る大きさのものは、プラスチック,['/contents/00800208.html'],家庭ごみ
ついたて,つ,事前申込制,['/contents/924_10259.html'],粗大ごみ
つえ,つ,,,家庭ごみ
机,つ,事前申込制,['/contents/924_10259.html'],粗大ごみ
つけもの石（石製・ポリエチレン製）,つ,事前申込制,['/contents/924_10259.html'],粗大ごみ
土（鉢植えなどから出た少量のもの）,つ,,,家庭ごみ
土（多量のもの）,つ,事前申込制,['/contents/924_10259.html'],粗大ごみ
つっぱり棒,つ,プラスチックだけでできており、1辺の長さが50センチ未満のもので指定袋に入る大きさのものは、プラスチック,,家庭ごみ
壺（つぼ）,つ,新聞紙などに包んで,,家庭ごみ
詰替え品の容器など（プラ製）,つ,,,プラスチック
つめ切り,つ,小物金属 回収ボックス へ,['/contents/00800208.html'],小物金属
つりざお,つ,指定袋に入らない大きさのものは粗大ごみ,,家庭ごみ
つりばり,つ,新聞紙などに包んで,,家庭ごみ
DVD（ケースを含む）,て,,,プラスチック
DVDプレーヤー,て,事前申込制 小型（概ね25センチ×8.5センチ以内）のものは小型電子機器回収ボックスへ,['/contents/924_10259.html'],粗大ごみ
デイパック,て,,,家庭ごみ
ティッシュの箱,て,古紙 回収ボックス へ 取り出し口のビニールははがして,['/contents/00800208.html'],古紙
ティッシュペーパー,て,,,家庭ごみ
テーブル,て,事前申込制,['/contents/924_10259.html'],粗大ごみ
テーブルタップ（電気コード）,て,小型電子機器 回収ボックス へ,['/contents/00800208.html'],小型電子機器
テープレコーダー,て,事前申込制 小型（概ね25センチ×8.5センチ以内）のものは小型電子機器 回収ボックス へ,"['/contents/924_10259.html', '/contents/00800208.html']",粗大ごみ
手さげ金庫,て,事前申込制,['/contents/924_10259.html'],粗大ごみ
鉄アレイ（ダンベル）,て,小物金属 回収ボックス へ,['/contents/00800208.html'],小物金属
鉄パイプ（鉄棒）,て,小物金属 回収ボックス へ　30センチを超えるものは粗大ごみ,['/contents/00800208.html'],小物金属
鉄板,て,小物金属 回収ボックス へ　30センチを超えるものは粗大ごみ,['/contents/00800208.html'],小物金属
テニスラケット,て,,,家庭ごみ
テレビアンテナ,て,事前申込制,['/contents/924_10259.html'],粗大ごみ
テレビゲーム,て,小型電子機器 回収ボックス へ,['/contents/00800208.html'],小型電子機器
テレビボード,て,事前申込制,['/contents/924_10259.html'],粗大ごみ
テレビ（ブラウン管式・液晶式・プラズマ式）,て,（注）販売店などに引き取りを依頼,,市が収集しないもの
テレビ（リアプロジェクション式）,て,事前申込制,['/contents/924_10259.html'],粗大ごみ
テレビ台,て,事前申込制,['/contents/924_10259.html'],粗大ごみ
電気カーペット,て,事前申込制,['/contents/924_10259.html'],粗大ごみ
電気釜（炊飯器）,て,事前申込制,['/contents/924_10259.html'],粗大ごみ
電気かみそり,て,小型電子機器 回収ボックス へ,['/contents/00800208.html'],小型電子機器
電気スタンド,て,指定袋に入らない大きさのものは粗大ごみ,,家庭ごみ
電気ポット（電気ケトル含む）,て,,,家庭ごみ
電気治療器,て,事前申込制,['/contents/924_10259.html'],粗大ごみ
電球,て,新聞紙などに包んで,,家庭ごみ
電子オルガン（電気オルガンも含む）,て,事前申込制,['/contents/924_10259.html'],粗大ごみ
電子ゲーム機（携帯ゲーム機）,て,小型電子機器 回収ボックス へ,['/contents/00800208.html'],小型電子機器
電子辞書（電子手帳）,て,小型電子機器 回収ボックス へ,['/contents/00800208.html'],小型電子機器
電子たばこ,て,電池類 回収ボックス へ,['https://www.city.kitakyushu.lg.jp/kankyou/01100026.html'],電池類
電子ピアノ,て,事前申込制,['/contents/924_10259.html'],粗大ごみ
電子レンジ,て,事前申込制,['/contents/924_10259.html'],粗大ごみ
電子レンジ台,て,事前申込制,['/contents/924_10259.html'],粗大ごみ
電磁調理器,て,事前申込制 IHコンロなど電子式で小型のものは小型電子機器 回収ボックス へ,"['/contents/924_10259.html', '/contents/00800208.html']",粗大ごみ
天体望遠鏡,て,事前申込制,['/contents/924_10259.html'],粗大ごみ
電卓,て,小型電子機器 回収ボックス へ,['/contents/00800208.html'],小型電子機器
電池,て,電池の種類によって処分先が異なる 乾電池 、 ニカド電池 、 ボタン電池 、 リチウムイオン電池 の項目確認,"['/contents/924_10043.html', '/contents/924_10064.html', '/contents/924_10070.html', '/contents/924_10083.html']",電池類
テント,て,指定袋に入らない大きさのものは粗大ごみ,,家庭ごみ
電動カート,て,（注）販売店に相談,,市が収集しないもの
電動車いす,て,（注）販売店に相談,,市が収集しないもの
電動工具,て,事前申込制,['/contents/924_10259.html'],粗大ごみ
電動歯ブラシ,て,小型電子機器 回収ボックス へ,['/contents/00800208.html'],小型電子機器
天ぷら油,て,布や紙にしみこませるか固形化して、指定袋に入れてください。 できるだけペットボトルに入れて、スーパーなどの 回収ボックス へ,['/contents/00800208.html'],家庭ごみ
電話機（FAX機能付きも含む）,て,小型（概ね25センチ×8.5センチ以内）のものは小型電子機器 回収ボックス へ,['/contents/00800208.html'],家庭ごみ
電話台,て,事前申込制,['/contents/924_10259.html'],粗大ごみ
戸（ドア）,と,事前申込制,['/contents/924_10259.html'],粗大ごみ
砥石,と,,,家庭ごみ
トイレタンク,と,事前申込制,['/contents/924_10259.html'],粗大ごみ
トイレブラシ,と,プラスチックだけでできており、1辺の長さが50センチ未満のもので指定袋に入る大きさのものは、プラスチック,,家庭ごみ
陶磁器類,と,新聞紙などに包んで,,家庭ごみ
透析バッグ（点滴バッグ、チューブ、カテーテル）,と,内容物を出し切って新聞紙などに包んで （注）注射針、血液のついているものは、かかりつけの病院に引き取りを依頼,,家庭ごみ
動物の死体（ペット）,と,動物愛護センターでも受付（電話093-581-1800）,,家庭ごみ
動物の死体（道路上で発見したものなど）,と,,,動物死体収集受付ダイヤル（電話0120-587-041）にご連絡ください。
灯油,と,（注）専門の処理業者に引き取りを依頼,,市が収集しないもの
灯油タンク（ポリタンク）,と,指定袋に入らない大きさのものは粗大ごみ,,家庭ごみ
トースター（ポップアップ式で全体が金属）,と,小物金属 回収ボックス へ オーブントースターは粗大ごみ,['/contents/00800208.html'],小物金属
時計,と,電子で小型（概ね25センチ×8.5センチ以内）のものは小型電子機器 回収ボックス へ,['/contents/00800208.html'],家庭ごみ
戸棚,と,事前申込制,['/contents/924_10259.html'],粗大ごみ
トタン板（金属製、樹脂製）,と,事前申込制,['/contents/924_10259.html'],粗大ごみ
土なべ,と,新聞紙などに包んで,,家庭ごみ
ドライバー,と,小物金属 回収ボックス へ,['/contents/00800208.html'],小物金属
ドライヤー,と,小型（概ね25センチ×8.5センチ以内）のものは小型電子機器 回収ボックス へ,['/contents/00800208.html'],家庭ごみ
ドラム缶,と,事前申込制,['/contents/924_10259.html'],粗大ごみ
ドラムセット,と,事前申込制,['/contents/924_10259.html'],粗大ごみ
トランプ,と,,,家庭ごみ
トランポリン,と,事前申込制,['/contents/924_10259.html'],粗大ごみ
鳥かご,と,事前申込制,['/contents/924_10259.html'],粗大ごみ
ドリッパー,と,,,家庭ごみ
塗料,と,（注）専門の処理業者に依頼,,市が収集しないもの
塗料缶・びん,と,必ず使い切ってから,,家庭ごみ
塗料容器（プラ製）,と,必ず使い切ってから,,プラスチック
トレイ（食品用発泡スチロール製）,と,スーパーなどの 回収ボックス も利用できます,['/contents/00800208.html'],プラスチック
トレイ（食品用プラ製）,と,,,プラスチック
ドレッサー,と,事前申込制,['/contents/924_10259.html'],粗大ごみ
泥（庭そうじなどで集めた少量のもの）,と,,,家庭ごみ
とんかち（金づち）,と,小物金属 回収ボックス へ,['/contents/00800208.html'],小物金属
ナイフ,な,新聞紙などに包んで,,家庭ごみ
苗木のプラ製ポット,な,土などを取り除いて,,プラスチック
中仕切（プラ製）,な,,,プラスチック
流し台,な,事前申込制,['/contents/924_10259.html'],粗大ごみ
中ぶた（プラ製）,な,,,プラスチック
鉈（なた）,な,新聞紙などに包んで,,家庭ごみ
納豆の容器（紙製）,な,,,家庭ごみ
納豆の容器（プラ製）,な,,,プラスチック
なべ（金属製）,な,小物金属回収ボックスへ 30センチを超えるものは家庭ごみ,,小物金属
生木（長さ2メートル以下、直径10センチ以下）,な,事前申込制,['/contents/924_10259.html'],粗大ごみ
波板（金属製、樹脂製）,な,事前申込制,['/contents/924_10259.html'],粗大ごみ
ニカド電池,に,電池類 回収ボックス へ,['https://www.city.kitakyushu.lg.jp/kankyou/01100026.html'],電池類
人形ケース,に,事前申込制 プラスチックだけでできており、1辺の長さが50センチ未満のもので指定袋に入る大きさのものは、プラスチック,['/contents/924_10259.html'],粗大ごみ
布類（衣類以外）,ぬ,,,家庭ごみ
ネガフィルム,ね,プラスチックだけでできており、1辺の長さが50センチ未満のもので指定袋に入る大きさのものは、プラスチック,,家庭ごみ
ネクタイ,ね,,,家庭ごみ
ネクタイピン,ね,小物金属 回収ボックス へ 金属製以外のものは家庭ごみ,['/contents/00800208.html'],小物金属
ねじ,ね,小物金属 回収ボックス へ 透明のビニール袋に入れて,['/contents/00800208.html'],小物金属
寝袋（シュラフ）,ね,,,家庭ごみ
粘土（工作用）,ね,,,家庭ごみ
農薬,の,（注）専門の処理業者に依頼,,市が収集しないもの
農薬びん（家庭用）（中身のないもの）,の,,,家庭ごみ
ノート,の,古紙 回収ボックス へ,['/contents/00800208.html'],古紙
ノートパソコン,の,「パソコン」 のページ参照 小型（概ね25センチ×8.5センチ以内）のものは小型電子機器 回収ボックス へ,"['/contents/924_10216.html', '/contents/00800208.html']",粗大ごみ
のこぎり,の,新聞紙などに包んで,,家庭ごみ
マーカーペン,ま,プラスチックだけでできており、1辺の長さが50センチ未満のもので指定袋に入る大きさのものは、プラスチック,,家庭ごみ
麻雀卓,ま,事前申込制,['/contents/924_10259.html'],粗大ごみ
麻雀牌・マット,ま,,,家庭ごみ
マイク,ま,,,家庭ごみ
マウス,ま,小型電子機器 回収ボックス へ,['/contents/00800208.html'],小型電子機器
マガジンラック,ま,金属製のものは小物金属 回収ボックス へ 指定袋に入らない大きさのものは粗大ごみ,['/contents/00800208.html'],家庭ごみ
マグネット,ま,,,家庭ごみ
枕,ま,,,家庭ごみ
マッサージいす,ま,事前申込制,['/contents/924_10259.html'],粗大ごみ
マッサージ機,ま,指定袋に入らない大きさのものは粗大ごみ 電気式で小型のものは小型電子機器 回収ボックス へ,['/contents/00800208.html'],家庭ごみ
マッチ,ま,水にひたしてから,,家庭ごみ
マットレス,ま,事前申込制,['/contents/924_10259.html'],粗大ごみ
窓ガラス,ま,事前申込制 割れて小さいものは新聞紙などに包んで家庭ごみへ,['/contents/924_10259.html'],粗大ごみ
窓付き封筒,ま,古紙 回収ボックス へ セロハンなどの窓部分は家庭ごみへ,['/contents/00800208.html'],古紙
まな板,ま,,,家庭ごみ
マニキュアのびん,ま,,,家庭ごみ
魔法びん,ま,,,家庭ごみ
豆電球,ま,新聞紙などに包んで,,家庭ごみ
マヨネーズのチューブ（ふたを含む）,ま,中身を使い切って,,プラスチック
丸太（長さ2メートル以下、直径20センチ以下）,ま,事前申込制,['/contents/924_10259.html'],粗大ごみ
みかんなどの網・ネット,み,,,プラスチック
みかんなどのポリ袋,み,,,プラスチック
ミキサー,み,,,家庭ごみ
ミシン,み,事前申込制,['/contents/924_10259.html'],粗大ごみ
ミシン台,み,事前申込制,['/contents/924_10259.html'],粗大ごみ
ミニカー,み,金属製のものは小物金属 回収ボックス へ,['/contents/00800208.html'],家庭ごみ
ミニコンポ,み,事前申込制,['/contents/924_10259.html'],粗大ごみ
ミル,み,,,家庭ごみ
ミルクかん,み,,,かん・びん
虫かご,む,プラスチックだけでできており、1辺の長さが50センチ未満のもので指定袋に入る大きさのものは、プラスチック,,家庭ごみ
蒸し器,む,小物金属 回収ボックス へ 木製、竹製のせいろは家庭ごみへ,['/contents/00800208.html'],小物金属
虫ピン,む,新聞紙などに包んで,,家庭ごみ
虫めがね,む,,,家庭ごみ
名刺,め,古紙 回収ボックス へ,['/contents/00800208.html'],古紙
めがね,め,,,家庭ごみ
眼鏡ケース,め,プラスチックだけでできており、1辺の長さが50センチ未満のもので指定袋に入る大きさのものは、プラスチック,,家庭ごみ
目薬の容器,め,,,プラスチック
メモ用紙,め,古紙 回収ボックス へ,['/contents/00800208.html'],古紙
毛布,も,,,家庭ごみ
木材（長さ2メートル以下、直径20センチ以下）,も,事前申込制,['/contents/924_10259.html'],粗大ごみ
木炭,も,,,家庭ごみ
木馬（子供用遊具）,も,事前申込制,['/contents/924_10259.html'],粗大ごみ
もちつき機,も,事前申込制,['/contents/924_10259.html'],粗大ごみ
モップ,も,指定袋に入らない大きさのものは粗大ごみ,,家庭ごみ
物置（解体したもの）,も,事前申込制,['/contents/924_10259.html'],粗大ごみ
ものさし,も,金属製で30センチ以内のものは小物金属 回収ボックス へ プラスチックだけでできており、1辺の長さが50センチ未満のもので指定袋に入る大きさのものは、プラスチック,['/contents/00800208.html'],家庭ごみ
物干しざお,も,事前申込制,['/contents/924_10259.html'],粗大ごみ
物干し台,も,事前申込制,['/contents/924_10259.html'],粗大ごみ
物干し台の支柱,も,事前申込制,['/contents/924_10259.html'],粗大ごみ
モバイルバッテリー,も,電池類 回収ボックス へ,['https://www.city.kitakyushu.lg.jp/kankyou/01100026.html'],電池類
門扉,も,事前申込制,['/contents/924_10259.html'],粗大ごみ
やかん,や,小物金属 回収ボックス へ,['/contents/00800208.html'],小物金属
薬品（家庭医薬品）,や,,,家庭ごみ
薬品（家庭医薬品でないもの）,や,（注）専門の処理業者に依頼,,市が収集しないもの
野菜などの結束用テープ,や,,,家庭ごみ
野菜などのトレイ,や,,,プラスチック
ヤスリ（紙）,や,,,家庭ごみ
ヤスリ（金属製）,や,小物金属 回収ボックス へ,['/contents/00800208.html'],小物金属
床暖房パネル,ゆ,事前申込制,['/contents/924_10259.html'],粗大ごみ
湯たんぽ（金属製）,ゆ,小物金属 回収ボックス へ,['/contents/00800208.html'],小物金属
湯たんぽ（金属製以外）,ゆ,プラスチックだけでできており、1辺の長さが50センチ未満のもので指定袋に入る大きさのものは、プラスチック,,家庭ごみ
ゆりかご,ゆ,事前申込制,['/contents/924_10259.html'],粗大ごみ
湯沸し器,ゆ,事前申込制,['/contents/924_10259.html'],粗大ごみ
洋服,よ,古着 回収ボックス へ,['/contents/00800208.html'],古着
浴槽,よ,事前申込制,['/contents/924_10259.html'],粗大ごみ
よしず,よ,事前申込制,['/contents/924_10259.html'],粗大ごみ
ライター,ら,中身を使い切ってから穴をあけずに,,家庭ごみ
ラケット,ら,プラスチックだけでできており、1辺の長さが50センチ未満のもので指定袋に入る大きさのものは、プラスチック,,家庭ごみ
ラジオ,ら,小型（概ね25センチ×8.5センチ以内）のものはできるだけ小型電子機器 回収ボックス へ,['/contents/00800208.html'],家庭ごみ
ラジカセ,ら,小型（概ね25センチ×8.5センチ以内）のものはできるだけ小型電子機器 回収ボックス へ,['/contents/00800208.html'],粗大ごみ
ラップ（家庭で使用したもの）,ら,,,家庭ごみ
ラップ（購入した商品を包んでいたもの）,ら,,,プラスチック
ランタン,ら,,,家庭ごみ
ランドセル,ら,,,家庭ごみ
ランニングマシン,ら,事前申込制,['/contents/924_10259.html'],粗大ごみ
リコーダー,り,プラスチックだけでできており、1辺の長さが50センチ未満のもので指定袋に入る大きさのものは、プラスチック,,家庭ごみ
リチウムイオン電池（充電池）,り,電池類 回収ボックス へ,['https://www.city.kitakyushu.lg.jp/kankyou/01100026.html'],電池類
リチウム電池（充電ができないもの）,り,電池類 回収ボックス へ,['https://www.city.kitakyushu.lg.jp/kankyou/01100026.html'],電池類
リップクリームの容器（プラ製）,り,,,プラスチック
リモコン,り,小型電子 回収ボックス へ,['/contents/00800208.html'],小型電子機器
リヤカー,り,事前申込制,['/contents/924_10259.html'],粗大ごみ
りんごなどを包んだ発泡スチロール製ネット,り,,,プラスチック
ルーペ,る,,,家庭ごみ
ルームランナー,る,事前申込制,['/contents/924_10259.html'],粗大ごみ
冷温庫,れ,事前申込制,['/contents/924_10259.html'],粗大ごみ
冷水器,れ,事前申込制,['/contents/924_10259.html'],粗大ごみ
冷蔵庫（冷凍冷蔵庫）,れ,（注）販売店などに引き取りを依頼,,市が収集しないもの
冷凍庫,れ,（注）販売店などに引き取りを依頼,,市が収集しないもの
冷風器,れ,事前申込制,['/contents/924_10259.html'],粗大ごみ
冷房機器（エアコン）,れ,（注）販売店などに引き取りを依頼,,市が収集しないもの
レーザーディスク（LD）,れ,,,家庭ごみ
レーザーディスクプレーヤー（LDプレーヤー）,れ,事前申込制,['/contents/924_10259.html'],粗大ごみ
レコード,れ,,,家庭ごみ
レコードプレーヤー,れ,事前申込制,['/contents/924_10259.html'],粗大ごみ
レシート,れ,,,家庭ごみ
レジ袋,れ,,,プラスチック
レジャーシート,れ,プラスチックだけでできており、1辺の長さが50センチ未満のもので指定袋に入る大きさのものは、プラスチック,,家庭ごみ
レトルト食品の容器,れ,,,プラスチック
レンガ,れ,事前申込制,['/contents/924_10259.html'],粗大ごみ
レンジ台,れ,事前申込制,['/contents/924_10259.html'],粗大ごみ
レンジフード,れ,事前申込制,['/contents/924_10259.html'],粗大ごみ
レンズ,れ,プラスチックだけでできており、1辺の長さが50センチ未満のもので指定袋に入る大きさのものは、プラスチック,,家庭ごみ
ローボード,ろ,事前申込制,['/contents/924_10259.html'],粗大ごみ
ローラースケート,ろ,,,家庭ごみ
ロッカー,ろ,事前申込制,['/contents/924_10259.html'],粗大ごみ
ワープロ,わ,事前申込制,['/contents/924_10259.html'],粗大ごみ
ワイヤー,わ,小物金属 回収ボックス へ 長い場合は巻いた状態で,['/contents/00800208.html'],小物金属
ワイヤーロープ,わ,,,家庭ごみ
ワイン庫（ワインセラー）,わ,（注）販売店などに引き取りを依頼,,市が収集しないもの
ワイン栓（コルク）,わ,,,家庭ごみ
ワインびん,わ,,,かん・びん
ワゴン,わ,事前申込制,['/contents/924_10259.html'],粗大ごみ
わさびのチューブ（ふたを含む）,わ,中身を使い切って,,プラスチック
ワックスの缶,わ,,,家庭ごみ
サーキュレーター,さ,,,家庭ごみ
サーフボード,さ,事前申込制,['/contents/924_10259.html'],粗大ごみ
サイクリングマシン,さ,事前申込制,['/contents/924_10259.html'],粗大ごみ
座いす,さ,事前申込制,['/contents/924_10259.html'],粗大ごみ
サイドボード,さ,事前申込制,['/contents/924_10259.html'],粗大ごみ
材木類（長さ2メートル以下、直径20センチ以下）,さ,事前申込制,['/contents/924_10259.html'],粗大ごみ
酒パック,さ,内側がアルミのものは家庭ごみ,,紙パック
座卓,さ,事前申込制,['/contents/924_10259.html'],粗大ごみ
雑誌,さ,古紙 回収ボックス へ,['/contents/00800208.html'],古紙
殺虫剤,さ,（注）専門の処理業者に依頼,,市が収集しないもの
殺虫剤スプレー缶,さ,必ず使い切ってから、穴をあけないで,,家庭ごみ
座布団,さ,指定袋に入らない大きさのものは粗大ごみ,,家庭ごみ
皿,さ,新聞紙などに包んで プラスチックだけでできており、1辺の長さが50センチ未満のもので指定袋に入る大きさのものは、プラスチック,,家庭ごみ
サラダ油のかん,さ,油をよく落として,,かん・びん
サラダ油の容器（プラ製）,さ,中身を使い切って,,プラスチック
ざる,さ,金属製のものは小物金属 回収ボックス へ プラスチックだけでできており、1辺の長さが50センチ未満のもので指定袋に入る大きさのものは、プラスチック,['/contents/00800208.html'],家庭ごみ
三角コーナー,さ,金属製のものは小物金属 回収ボックス へ プラスチックだけでできており、1辺の長さが50センチ未満のもので指定袋に入る大きさのものは、プラスチック,['/contents/00800208.html'],家庭ごみ
三脚,さ,指定袋に入らない大きさのものは粗大ごみ,,家庭ごみ
三輪車,さ,事前申込制,['/contents/924_10259.html'],粗大ごみ
CD（ケースを含む）,し,,,プラスチック
CDチェンジャー,し,事前予約制 小型（概ね25センチ×8.5センチ以内）のものは小型電子機器 回収ボックス へ,"['/contents/924_10259.html', '/contents/00800208.html']",粗大ごみ
CDプレーヤー,し,事前予約制 小型（概ね25センチ×8.5センチ以内）のものは小型電子機器 回収ボックス へ,"['/contents/924_10259.html', '/contents/00800208.html']",粗大ごみ
CDラジカセ,し,事前予約制 小型（概ね25センチ×8.5センチ以内）のものは小型電子機器 回収ボックス へ,"['/contents/924_10259.html', '/contents/00800208.html']",粗大ごみ
シェーバー（ひげそり）,し,金属製のものは小物金属 回収ボックス へ 電気シェーバーは小型電子機器回収 回収ボックス へ,"['/contents/00800208.html', '/contents/00800208.html']",家庭ごみ
磁石,し,鉄製は小物金属 回収ボックス へ,['/contents/00800208.html'],家庭ごみ
辞書,し,古紙 回収ボックス へ,['/contents/00800208.html'],古紙
七輪,し,事前予約制,['/contents/924_10259.html'],粗大ごみ
湿気取りの容器（使い捨て）,し,,,プラスチック
室内物干し,し,事前予約制,['/contents/924_10259.html'],粗大ごみ
自転車,し,事前予約制,['/contents/924_10259.html'],粗大ごみ
自動車,し,（注）販売店に相談,,市が収集しないもの
芝刈り機,し,事前予約制,['/contents/924_10259.html'],粗大ごみ
シャープペンシル,し,プラスチックだけでできており、1辺の長さが50センチ未満のもので指定袋に入る大きさのものは、プラスチック,,家庭ごみ
シャープペンシルの芯のケース,し,,,プラスチック
写真,し,,,家庭ごみ
写真フィルムのケース,し,,,プラスチック
ジャッキ,し,事前予約制,['/contents/924_10259.html'],粗大ごみ
シャベル（ショベル）,し,事前予約制,['/contents/924_10259.html'],粗大ごみ
ジャングルジム（子供用遊具）,し,事前予約制,['/contents/924_10259.html'],粗大ごみ
シャンデリア,し,事前予約制,['/contents/924_10259.html'],粗大ごみ
シャンプー詰替用袋,し,,,プラスチック
シャンプー容器,し,,,プラスチック
週刊誌,し,古紙 回収ボックス へ,['/contents/00800208.html'],古紙
ジューサー,し,,,家庭ごみ
じゅうたん,し,事前予約制,['/contents/924_10259.html'],粗大ごみ
充電式電池,し,電池類 回収ボックス へ,['https://www.city.kitakyushu.lg.jp/kankyou/01100026.html'],電池類
収納箱（衣装ケース）,し,事前予約制 プラスチックだけでできており、1辺の長さが50センチ未満のもので指定袋に入る大きさのものは、プラスチック,['/contents/924_10259.html'],粗大ごみ
シューズボックス,し,事前予約制,['/contents/924_10259.html'],粗大ごみ
ジュニアシート,し,指定袋に入らない大きさのものは粗大ごみ,,家庭ごみ
シュレッダー（家庭用）,し,事前予約制,['/contents/924_10259.html'],粗大ごみ
シュレッダー処理後の紙,し,古紙 回収ボックス へ 散らばらないように袋に入れて,['/contents/00800208.html'],古紙
瞬間湯沸し器,し,事前予約制,['/contents/924_10259.html'],粗大ごみ
消火器,し,（注）販売店または株式会社消火器リサイクル推進センター：03-5829-6773（祝日を除く月曜日から金曜日9時から12時、13時から17時）に相談,,市が収集しないもの
定規（じょうぎ）,し,金属製のものは小物金属 回収ボックス へ プラスチックだけでできており、1辺の長さが50センチ未満のもので指定袋に入る大きさのものは、プラスチック,['/contents/00800208.html'],家庭ごみ
将棋盤,し,,,家庭ごみ
障子,し,事前予約制,['/contents/924_10259.html'],粗大ごみ
浄水器,し,指定袋に入らない大きさのものは粗大ごみ,,家庭ごみ
照明器具,し,事前予約制,['/contents/924_10259.html'],粗大ごみ
じょうろ,し,金属製のものは小物金属 回収ボックス へ プラスチックだけでできており、1辺の長さが50センチ未満のもので指定袋に入る大きさのものは、プラスチック,['/contents/00800208.html'],家庭ごみ
食品用トレイ,し,,,プラスチック
食用油,し,布や紙にしみこませるか固形化してから家庭ごみへ できるだけペットボトルに入れて、スーパーなどの回収ボックスへ （注）詳細は、 使用済み食用油の回収について をご覧下さい。,['http://www.city.kitakyushu.lg.jp/kankyou/file_0046.html'],家庭ごみ
食用油のかん・びん,し,油をよく落として,,かん・びん
食用油の容器（プラ製）,し,中身を使い切って,,プラスチック
食用油の容器のふた（金属製）,し,小物金属 回収ボックス へ 油は紙等でふきとって,['/contents/00800208.html'],小物金属
食用油の容器のふた（プラ製）,し,,,プラスチック
除湿器,し,事前予約制,['/contents/924_10259.html'],粗大ごみ
除湿剤の容器,し,,,プラスチック
食器類,し,新聞紙などで包んで 割れてしまったものも含む プラスチックだけでできており、1辺の長さが50センチ未満のもので指定袋に入る大きさのものは、プラスチック,,家庭ごみ
食器（洗い）乾燥機,し,事前予約制,['/contents/924_10259.html'],粗大ごみ
食器棚,し,事前予約制,['/contents/924_10259.html'],粗大ごみ
ショッピングカー,し,事前予約制,['/contents/924_10259.html'],粗大ごみ
シルバーカー,し,事前予約制,['/contents/924_10259.html'],粗大ごみ
人工芝,し,指定袋に入らない大きさのものは粗大ごみ,,家庭ごみ
新聞紙,し,古紙 回収ボックス へ,['/contents/00800208.html'],古紙
水銀体温計・水銀血圧計・水銀体温計,す,水銀体温計 回収ボックス へ 壊れたものは、硬い紙などで直接触れないようすべて集め、ポリ袋に入れ、家庭ごみで出してください,['/contents/00800208.html'],区役所または出張所の回収ボックスへ
水槽,す,事前申込制,['/contents/924_10259.html'],粗大ごみ
水筒,す,金属製のものは小物金属 回収ボックス へ,['/contents/00800208.html'],家庭ごみ
炊飯器,す,事前申込制,['/contents/924_10259.html'],粗大ごみ
スーツケース（キャリーバッグ）,す,事前申込制,['/contents/924_10259.html'],粗大ごみ
姿見,す,事前申込制,['/contents/924_10259.html'],粗大ごみ
スキャナー,す,事前申込制,['/contents/924_10259.html'],粗大ごみ
スキー靴,す,,,家庭ごみ
スキーセット （スキー板とストック）,す,事前申込制,['/contents/924_10259.html'],粗大ごみ
スクリーン,す,事前申込制,['/contents/924_10259.html'],粗大ごみ
スケート靴,す,,,家庭ごみ
スケートボード,す,事前申込制,['/contents/924_10259.html'],粗大ごみ
スコップ,す,金属製の長さが30センチ未満のものは、小物金属 回収ボックス へ プラスチックだけでできており、1辺の長さが50センチ未満のもので指定袋に入る大きさのものは、プラスチック それ以外は、家庭ごみ 指定袋に入らない大きさのものは粗大ごみ,['/contents/00800208.html'],小物金属
すだれ,す,指定袋に入らない大きさのものは粗大ごみ プラスチックだけでできており、1辺の長さが50センチ未満のもので指定袋に入る大きさのものは、プラスチック,,家庭ごみ
スタンドミラー（姿見）,す,事前申込制,['/contents/924_10259.html'],粗大ごみ
スチールかん（飲料・食品用）,す,,,かん・びん
スチール棚,す,事前申込制,['/contents/924_10259.html'],粗大ごみ
ステップマシーン,す,事前申込制,['/contents/924_10259.html'],粗大ごみ
ステレオセット,す,事前申込制,['/contents/924_10259.html'],粗大ごみ
ステレオラック,す,事前申込制,['/contents/924_10259.html'],粗大ごみ
ストーブ,す,灯油は抜いて 事前申込制,['/contents/924_10259.html'],粗大ごみ
ストーブガード,す,事前申込制,['/contents/924_10259.html'],粗大ごみ
ストロー,す,プラスチックだけでできており、1辺の長さが50センチ未満のもので指定袋に入る大きさのものは、プラスチック,,家庭ごみ
砂（鉢植えなどから出た少量のもの）,す,,,家庭ごみ
砂（多量のもの）,す,事前申込制,['/contents/924_10259.html'],粗大ごみ
スナック菓子などの袋,す,,,プラスチック
スノーボード,す,事前申込制,['/contents/924_10259.html'],粗大ごみ
すのこ,す,事前申込制 プラスチックだけでできており、1辺の長さが50センチ未満のもので指定袋に入る大きさのものは、プラスチック,['/contents/924_10259.html'],粗大ごみ
スピーカー,す,事前申込制,['/contents/924_10259.html'],粗大ごみ
スプーン,す,小物金属 回収ボックス へ 金属製以外のものは家庭ごみ,['/contents/00800208.html'],小物金属
スプリングマットレス,す,事前申込制,['/contents/924_10259.html'],粗大ごみ
スプレー缶,す,必ず使い切ってから、穴をあけないで,,家庭ごみ
スプレー缶のキャップ（プラ製）,す,,,プラスチック
すべり台（子供用遊具）,す,事前申込制,['/contents/924_10259.html'],粗大ごみ
スポンジ,す,プラスチックだけでできており、1辺の長さが50センチ未満のもので指定袋に入る大きさのものは、プラスチック,,家庭ごみ
ズボンプレッサー,す,事前申込制,['/contents/924_10259.html'],粗大ごみ
炭,す,,,家庭ごみ
すり鉢,す,新聞紙などに包んで プラスチックだけでできており、1辺の長さが50センチ未満のもので指定袋に入る大きさのものは、プラスチック,,家庭ごみ
生理用品,せ,,,家庭ごみ
石けん箱,せ,プラスチックだけでできており、1辺の長さが50センチ未満のもので指定袋に入る大きさのものは、プラスチック,,家庭ごみ
せともの類,せ,新聞紙などに包んで,,家庭ごみ
セロハン,せ,,,家庭ごみ
洗剤（漂白剤など）,せ,液体のものは布か紙にしみこませて,,家庭ごみ
洗剤の計量カップ・スプーン,せ,プラスチックだけでできており、1辺の長さが50センチ未満のもので指定袋に入る大きさのものは、プラスチック,,家庭ごみ
洗剤容器（紙製）,せ,中身を使い切って,,家庭ごみ
洗剤容器（プラ製）,せ,中身を使い切って,,プラスチック
洗浄機能付き便座,せ,事前申込制,['/contents/924_10259.html'],粗大ごみ
洗濯機（乾燥機付きのものを含む）,せ,（注）販売店などに引き取りを依頼,,市が収集しないもの
洗濯機棚,せ,事前申込制,['/contents/924_10259.html'],粗大ごみ
洗濯ハンガー,せ,プラスチックだけでできており、1辺の長さが50センチ未満のもので指定袋に入る大きさのものは、プラスチック,,家庭ごみ
剪定枝（せんていし）,せ,（参考） 「緑のリサイクル」 のページ,['/contents/924_10229.html'],家庭ごみ
剪定ばさみ,せ,小物金属 回収ボックス へ,['/contents/00800208.html'],小物金属
栓抜き,せ,小物金属 回収ボックス へ,['/contents/00800208.html'],小物金属
扇風機,せ,事前申込制,['/contents/924_10259.html'],粗大ごみ
せんべいの袋（プラ製）,せ,,,プラスチック
洗面器,せ,金属製のものは小物金属 回収ボックス へ プラスチックだけでできており、1辺の長さが50センチ未満のもので指定袋に入る大きさのものは、プラスチック,['/contents/00800208.html'],家庭ごみ
洗面化粧台,せ,事前申込制,['/contents/924_10259.html'],粗大ごみ
掃除機,そ,事前申込制,['/contents/924_10259.html'],粗大ごみ
惣菜の容器（プラ製）,そ,,,プラスチック
即席めんの袋（プラ製）,そ,,,プラスチック
ソファー,そ,事前申込制,['/contents/924_10259.html'],粗大ごみ
ソファーベッド,そ,事前申込制,['/contents/924_10259.html'],粗大ごみ
カーオーディオ,か,事前申込制 小型（概ね25センチ×8.5センチ以内）のものは小型電子機器 回収ボックス へ,"['/contents/924_10259.html', '/contents/00800208.html']",粗大ごみ
カーテンレール,か,事前申込制,['/contents/924_10259.html'],粗大ごみ
カーナビ,か,事前申込制 小型（概ね25センチ×8.5センチ以内）のものは小型電子機器 回収ボックス,"['/contents/924_10259.html', '/contents/00800208.html']",粗大ごみ
カーペット,か,事前申込制,['/contents/924_10259.html'],粗大ごみ
カーペットローラー,か,,,家庭ごみ
カーボン紙,か,,,家庭ごみ
懐中電灯,か,小型（概ね25センチ×8.5センチ以内）のものは小型電子機器 回収ボックス へ,['/contents/00800208.html'],家庭ごみ
回転ハンバー,か,事前申込制,['/contents/924_10259.html'],粗大ごみ
買物カート（ショッピングカー、シルバーカー）,か,事前申込制,['/contents/924_10259.html'],粗大ごみ
買物かご,か,プラスチックだけでできており、1辺の長さが50センチ未満のもので指定袋に入る大きさのものは、プラスチック,,家庭ごみ
カイロ（使い捨て）,か,,,家庭ごみ
鏡,か,指定袋に入らない大きさのものは粗大ごみ,,家庭ごみ
鍵,か,小物金属 回収ボックス へ,['/contents/00800208.html'],小物金属
かき氷機,か,,,家庭ごみ
額縁,か,指定袋に入らない大きさのものは粗大ごみ,,家庭ごみ
かご,か,指定袋に入らない大きさのものは粗大ごみ プラスチックだけでできており、1辺の長さが50センチ未満のもので指定袋に入る大きさのものは、プラスチック,,家庭ごみ
傘,か,折りたたみ傘は小物金属 回収ボックス へ,['/contents/00800208.html'],家庭ごみ
傘立て,か,指定袋に入らない大きさのものは粗大ごみ プラスチックだけでできており、1辺の長さが50センチ未満のもので指定袋に入る大きさのものは、プラスチック,,家庭ごみ
加湿器,か,事前申込制,['/contents/924_10259.html'],粗大ごみ
菓子箱の中仕切り（プラ製）,か,,,プラスチック
菓子箱（紙製）,か,古紙 回収ボックス へ,['/contents/00800208.html'],古紙
菓子のかん,か,,,かん・びん
菓子袋（プラ製）,か,,,プラスチック
ガスオーブン,か,事前申込制,['/contents/924_10259.html'],粗大ごみ
ガスストーブ,か,事前申込制,['/contents/924_10259.html'],粗大ごみ
ガス台（ガステーブル・ガスレンジ）,か,事前申込制,['/contents/924_10259.html'],粗大ごみ
ガスレンジ,か,事前申込制,['/contents/924_10259.html'],粗大ごみ
ガスレンジマット（アルミはく製）,か,,,家庭ごみ
ガスボンベ（カセットボンベ以外）,か,（注）販売店に相談　（参考）「 市が収集しないもの 」,['https://www.city.kitakyushu.lg.jp/kankyou/file_0015.html'],市が収集しないもの
カセットコンロ（卓上コンロ）,か,小物金属 回収ボックス へ カセットボンベは中身を使い切ってから穴をあけずに家庭ごみへ 中身の残っているものは「 市が収集しないもの 」参照）,"['/contents/00800208.html', 'https://www.city.kitakyushu.lg.jp/kankyou/file_0015.html']",小物金属
カセットボンベ,か,必ず中身を使い切ってから穴をあけずに （中身の残っているものは本ホームページ「 市が収集しないもの 」参照）,['https://www.city.kitakyushu.lg.jp/kankyou/file_0015.html'],家庭ごみ
カセットテープ（ケースを含む）,か,,,家庭ごみ
カセット式テープレコーダー,か,事前申込制 小型（概ね25センチ×8.5センチ以内）のものは小型電子機器 回収ボックス へ,"['/contents/924_10259.html', '/contents/00800208.html']",粗大ごみ
カセットデッキ,か,事前申込制 小型（概ね25センチ×8.5センチ以内）のものは小型電子機器 回収ボックス へ,"['/contents/924_10259.html', '/contents/00800208.html']",粗大ごみ
ガソリン,か,（注）専門の処理業者に依頼,,市が収集しないもの
カタログ（パンフレット）,か,古紙 回収ボックス へ,['/contents/00800208.html'],古紙
カッター（刃を含む）,か,新聞紙などに包んで,,家庭ごみ
カッパ（雨具）,か,,,家庭ごみ
カップめんなどのスープやかやくの袋,か,,,プラスチック
カップめんなどのふた（紙製）,か,,,家庭ごみ
カップめんなどのふた（プラ製）,か,,,プラスチック
カップめんなどの容器・フィルム,か,紙製の容器は家庭ごみ,,プラスチック
金づち（とんかち）,か,小物金属 回収ボックス へ,['/contents/00800208.html'],小物金属
加熱式たばこ,か,電池類 回収ボックス へ,['https://www.city.kitakyushu.lg.jp/kankyou/01100026.html'],電池類
かばん,か,,,家庭ごみ
画板,か,指定袋に入らない大きさのものは粗大ごみ,,家庭ごみ
画びょう,か,小物金属 回収ボックス へ 透明のビニール袋に入れて,['/contents/00800208.html'],小物金属
花びん,か,新聞紙などに包んで プラスチックだけでできており、1辺の長さが50センチ未満のもので指定袋に入る大きさのものは、プラスチック,,家庭ごみ
釜,か,小物金属 回収ボックス へ,['/contents/00800208.html'],小物金属
鎌,か,新聞紙などに包んで,,家庭ごみ
紙おむつ,か,汚物を取り除いて,,家庭ごみ
紙コップ,か,,,家庭ごみ
紙皿,か,,,家庭ごみ
かみそり,か,新聞紙などに包んで,,家庭ごみ
紙パック（飲料用）,か,紙パック 回収ボックス へ 内側がアルミのものは、家庭ごみ,['/contents/00800208.html'],紙パック
紙袋,か,紙は、古紙 回収ボックス へ 紙以外のものは除いて、家庭ごみへ,['/contents/00800208.html'],古紙
紙やすり,か,,,家庭ごみ
カメラ,か,デジタルカメラや小型のもの（概ね25センチ×8.5センチ以内）のものは小型電子機器 回収ボックス へ,['/contents/00800208.html'],家庭ごみ
カメラのケース,か,プラスチックだけでできており、1辺の長さが50センチ未満のもので指定袋に入る大きさのものは、プラスチック,,家庭ごみ
カメラのレンズ,か,プラスチックだけでできており、1辺の長さが50センチ未満のもので指定袋に入る大きさのものは、プラスチック,,家庭ごみ
カラーボックス,か,事前申込制,['/contents/924_10259.html'],粗大ごみ
カラオケセット,か,事前申込制,['/contents/924_10259.html'],粗大ごみ
からしのチューブ（ふたを含む）,か,中身を使い切って,,プラスチック
ガラス,か,新聞紙などに包んで 指定袋に入らない大きさのものは粗大ごみ,,家庭ごみ
ガラス製品（コップ、皿など）,か,新聞紙などに包んで,,家庭ごみ
カレンダー（紙製）,か,古紙 回収ボックス へ 金具は外して,['/contents/00800208.html'],古紙
革製品,か,,,家庭ごみ
皮むき器,か,金属製のものは小物金属 回収ボックス へ プラスチックだけでできており、1辺の長さが50センチ未満のもので指定袋に入る大きさのものは、プラスチック,['/contents/00800208.html'],家庭ごみ
瓦,か,事前申込制,['/contents/924_10259.html'],粗大ごみ
かん（飲料・食料用）,か,,,かん・びん
かん（飲料・食料用以外）,か,,,家庭ごみ
かん（食用油かん）,か,油をよく落として,,かん・びん
かん（ペットフードかん）,か,油と汚れをよく落として,,かん・びん
かん（一斗缶）,か,中身を使い切って,,家庭ごみ
かんのふた（金属製）,か,小物金属 回収ボックス へ,['/contents/00800208.html'],小物金属
換気扇,か,指定袋に入らない大きさのものは粗大ごみ プラスチックだけでできており、1辺の長さが50センチ未満のもので指定袋に入る大きさのものは、プラスチック,,家庭ごみ
缶切り,か,小物金属 回収ボックス へ,['/contents/00800208.html'],小物金属
緩衝材（プラ製）,か,,,プラスチック
乾燥機（食器用、布団用）,か,事前申込制 衣類乾燥機（ドラム式）は販売店などに引き取りを依頼,['/contents/924_10259.html'],粗大ごみ
乾燥剤,か,,,家庭ごみ
乾電池（充電式でないもの）,か,電池類 回収ボックス へ 必ず、絶縁ビニールテープ等で電極部分を絶縁して、家庭ごみにも出せる。 充電式・ボタン型電池は、別記,['https://www.city.kitakyushu.lg.jp/kankyou/01100026.html'],電池類
感熱紙,か,,,家庭ごみ
キーボード（楽器）,き,事前申込制 （注）ピアノは専門の処理業者に相談,['/contents/924_10259.html'],粗大ごみ
キーホルダー,き,金属製のものは小物金属 回収ボックス へ プラスチックだけでできており、1辺の長さが50センチ未満のもので指定袋に入る大きさのものは、プラスチック,['/contents/00800208.html'],家庭ごみ
ギター,き,事前申込制,['/contents/924_10259.html'],粗大ごみ
キッチンストッカー,き,事前申込制,['/contents/924_10259.html'],粗大ごみ
キッチンバサミ,き,小物金属 回収ボックス へ,['/contents/00800208.html'],小物金属
木の枝・幹,き,（参考）「 緑のリサイクル 」,['https://www.city.kitakyushu.lg.jp/kankyou/file_0043.html'],家庭ごみ
着物,き,,,家庭ごみ
脚立,き,事前申込制,['/contents/924_10259.html'],粗大ごみ
キャップ・ふた（金属製）,き,小物金属 回収ボックス へ,['/contents/00800208.html'],小物金属
キャップ・ふた（プラ製）,き,,,プラスチック
キャリア（車の上に取り付けるもの）,き,事前申込制,['/contents/924_10259.html'],粗大ごみ
急須,き,金属製のものは小物金属 回収ボックス へ,['/contents/00800208.html'],家庭ごみ
給湯器,き,事前申込制,['/contents/924_10259.html'],粗大ごみ
牛乳パック,き,紙パック 回収ボックス へ,['/contents/00800208.html'],紙パック
給油ポンプ,き,,,家庭ごみ
鏡台,き,事前申込制,['/contents/924_10259.html'],粗大ごみ
銀紙,き,,,家庭ごみ
金魚ばち,き,新聞紙などに包んで プラスチックだけでできており、1辺の長さが50センチ未満のもので指定袋に入る大きさのものは、プラスチック,,家庭ごみ
金庫,き,（注）専門の処理業者に依頼,,市が収集しないもの
金庫（手さげ金庫）,き,事前申込制,['/contents/924_10259.html'],粗大ごみ
空気入れ,く,プラスチックだけでできており、1辺の長さが50センチ未満のもので指定袋に入る大きさのものは、プラスチック,,家庭ごみ
空気清浄器,く,事前申込制,['/contents/924_10259.html'],粗大ごみ
クーラーボックス,く,事前申込制,['/contents/924_10259.html'],粗大ごみ
くぎ,く,透明のビニール袋に入れて　小物金属 回収ボックス へ,['/contents/00800208.html'],小物金属
草,く,,,家庭ごみ
草刈り機,く,事前申込制,['/contents/924_10259.html'],粗大ごみ
くさり,く,小物金属 回収ボックス へ,['/contents/00800208.html'],小物金属
櫛（くし）,く,プラスチックだけでできており、1辺の長さが50センチ未満のもので指定袋に入る大きさのものは、プラスチック,,家庭ごみ
串,く,金属製のものは小物金属 回収ボックス へ,['/contents/00800208.html'],家庭ごみ
薬（家庭用医薬品）,く,,,家庭ごみ
薬（錠剤・カプセル）の包装シート,く,,,プラスチック
薬の容器・小袋（プラ製）,く,,,プラスチック
薬（のみ薬）のびん,く,,,かん・びん
果物などのネット,く,,,プラスチック
靴（くつ）,く,,,家庭ごみ
クリーニングのビニール袋,く,,,プラスチック
クリップ,く,透明のビニール袋に入れて　小物金属 回収ボックス へ,['/contents/00800208.html'],小物金属
クリアファイル,く,,,プラスチック
車いす（電動式を除く）,く,事前申込制,['/contents/924_10259.html'],粗大ごみ
車いす（電動式）,く,（注）販売店に相談,,市が収集しないもの
グロー球,く,,,家庭ごみ
グローブ（野球用など）,く,,,家庭ごみ
鍬（くわ）,く,事前申込制 小型のものは家庭ごみ,['/contents/924_10259.html'],粗大ごみ
くん煙剤,く,未使用の場合 水を入れるものは水がかからないように包んで 火をつけるものは水に浸して,,家庭ごみ
蛍光管（環型、直型）,け,蛍光管 回収ボックス へ 割れたものは家庭ごみ LED蛍光灯は家庭ごみ,['/contents/00800208.html'],蛍光管回収ボックス
蛍光灯（電球型）,け,,,家庭ごみ
携帯電話（スマートフォン・ガラホ含む）,け,小型（概ね25センチ×8.5センチ以内）のものは小型電子機器 回収ボックス へ,['/contents/00800208.html'],小型電子機器
計量カップ,け,金属製のものは小物金属 回収ボックス へ プラスチックだけでできており、1辺の長さが50センチ未満のもので指定袋に入る大きさのものは、プラスチック,['/contents/00800208.html'],家庭ごみ
計量スプーン,け,金属製のものは小物金属 回収ボックス へ プラスチックだけでできており、1辺の長さが50センチ未満のもので指定袋に入る大きさのものは、プラスチック,['/contents/00800208.html'],家庭ごみ
ケーキ型,け,小物金属 回収ボックス へ、金属製以外のものは家庭ごみ,['/contents/00800208.html'],小物金属
ケーブル,け,小型電子機器 回収ボックス へ,['/contents/00800208.html'],小型電子機器
ゲーム機,け,小型（概ね25センチ×8.5センチ以内）のものは小型電子機器 回収ボックス へ,['/contents/00800208.html'],家庭ごみ
ゲームソフト,け,,,家庭ごみ
化粧品のびん,け,,,かん・びん
化粧品のびんのふた（プラ製）,け,,,プラスチック
げた箱,け,,,粗大ごみ
ケチャップのチューブ（ふたを含む）,け,中身を使い切って,,プラスチック
血圧計（水銀血圧計を除く）,け,電子式で小型（概ね25センチ×8.5センチ以内）のものは小型電子機器 回収ボックス へ 水銀血圧計は、水銀血圧計 回収ボックス へ,"['/contents/00800208.html', '/contents/00800208.html']",家庭ごみ
毛抜き,け,小物金属 回収ボックス へ,['/contents/00800208.html'],小物金属
剣山,け,小物金属 回収ボックス へ,['/contents/00800208.html'],小物金属
工具箱（金属製）,こ,小物金属 回収ボックス へ　金属製以外のものは家庭ごみ,['/contents/00800208.html'],小物金属
広告・チラシ,こ,古紙 回収ボックス へ,['/contents/00800208.html'],古紙
香水のびん,こ,,,家庭ごみ
コート掛け,こ,事前申込制,['/contents/924_10259.html'],粗大ごみ
コード類,こ,小型電子機器 回収ボックス へ,['/contents/00800208.html'],小型電子機器
コードリール,こ,小型（概ね25センチ×8.5センチ以内）のものは小型電子機器 回収ボックス へ,['/contents/00800208.html'],家庭ごみ
コーヒーミル,こ,,,家庭ごみ
コーヒーメーカー,こ,,,家庭ごみ
固形燃料,こ,,,家庭ごみ
ござ,こ,指定袋に入らない大きさのものは粗大ごみ,,家庭ごみ
こたつ（こたつ板を含む）,こ,事前申込制,['/contents/924_10259.html'],粗大ごみ
こたつ布団,こ,事前申込制,['/contents/924_10259.html'],粗大ごみ
コップ型のびん（日本酒など）,こ,,,かん・びん
コップ,こ,プラスチックだけでできており、1辺の長さが50センチ未満のもので指定袋に入る大きさのものは、プラスチック,,家庭ごみ
琴,こ,事前申込制,['/contents/924_10259.html'],粗大ごみ
子供用遊具,こ,指定袋に入らない大きさのものは粗大ごみ プラスチックだけでできており、1辺の長さが50センチ未満のもので指定袋に入る大きさのものは、プラスチック,,家庭ごみ
粉ふるい器,こ,小物金属 回収ボックス へ、金属製以外のものは家庭ごみ,['/contents/00800208.html'],小物金属
碁盤,こ,プラスチックだけでできており、1辺の長さが50センチ未満のもので指定袋に入る大きさのものは、プラスチック,,家庭ごみ
コピー機,こ,事前申込制,['/contents/924_10259.html'],粗大ごみ
ごみ箱,こ,指定袋に入らない大きさのものは粗大ごみ 金属製のものは小物金属 プラスチックだけでできており、1辺の長さが50センチ未満のもので指定袋に入る大きさのものは、プラスチック,,家庭ごみ
ゴム類（手袋、長靴等）,こ,,,家庭ごみ
ゴムボート,こ,指定袋に入らない大きさのものは粗大ごみ,,家庭ごみ
ゴムマット,こ,,,家庭ごみ
米びつ（ハイザー）,こ,事前申込制 プラスチックだけでできており、1辺の長さが50センチ未満のもので指定袋に入る大きさのものは、プラスチック,['/contents/924_10259.html'],粗大ごみ
米袋（紙製）,こ,,,家庭ごみ
米袋（プラ製）,こ,,,プラスチック
コルク抜き,こ,小物金属 回収ボックス へ,['/contents/00800208.html'],小物金属
ゴルフクラブ,こ,事前申込制,['/contents/924_10259.html'],粗大ごみ
ゴルフバッグ,こ,事前申込制,['/contents/924_10259.html'],粗大ごみ
ゴルフセット,こ,事前申込制,['/contents/924_10259.html'],粗大ごみ
コンタクトレンズのケース,こ,プラスチックだけでできており、1辺の長さが50センチ未満のもので指定袋に入る大きさのものは、プラスチック,,家庭ごみ
コンパス,こ,小物金属 回収ボックス へ　　金属製以外のものは家庭ごみ,['/contents/00800208.html'],小物金属
コンビニ弁当の容器,こ,,,プラスチック
コンポスト化容器,こ,事前申込制,['/contents/924_10259.html'],粗大ごみ
コンロ（卓上式）,こ,小物金属 回収ボックス へ カセットボンベは中身を使い切ってから穴をあけずに家庭ごみへ（中身の残っているものは「 市が収集しないもの 」参照）,"['/contents/00800208.html', 'https://www.city.kitakyushu.lg.jp/kankyou/file_0015.html']",小物金属
コンロ（卓上式以外）,こ,事前申込制,['/contents/924_10259.html'],粗大ごみ
